id,name,start_time,end_time
33,Vuelo_2025-10-22_004653,2025-10-22T06:46:54.444Z,
34,Vuelo_2025-10-22_004915,2025-10-22T06:49:16.321Z,
35,Vuelo_2025-10-22_005143,2025-10-22T06:51:45.423Z,
40,Vuelo_2025-10-22_013900,2025-10-22T07:39:13.692Z,1761118753734
41,Vuelo_2025-10-22_014826,2025-10-22T07:48:27.734Z,1761119307757
42,Vuelo_2025-10-22_015031,2025-10-22T07:50:32.104Z,1761119432131
45,Vuelo_2025-10-22_015550,2025-10-22T07:55:51.143Z,
46,TestFlight_COM5,2025-10-22T07:58:20.840Z,
47,Vuelo_2025-10-22_020057,2025-10-22T08:00:58.131Z,1761120408193
48,Vuelo_2025-10-22_021651,2025-10-22T08:16:59.573Z,1761121124812
49,Vuelo_2025-10-22_022900,2025-10-22T08:29:01.596Z,1761121776259
